Image_ID,Image_Path,Class,X_min,Y_min,X_max,Y_max,Width,Height,Timestamp,Weather,Location
82,/data/images/img80.jpg,Car,205,283,405,358,168,126,2025-01-03 23:15:14,Cloudy,Highway 2
15,/data/images/img96.jpg,Car,35,293,334,478,76,70,2025-01-03 22:56:22,Rainy,Intersection A
4,/data/images/img20.jpg,Bus,72,188,351,480,255,151,2025-01-03 09:08:06,Cloudy,Highway 1
95,/data/images/img31.jpg,Truck,15,239,317,534,253,281,2025-01-03 12:32:37,Sunny,Intersection A
36,/data/images/img21.jpg,Motorcycle,46,282,528,388,85,268,2025-01-03 09:10:04,Sunny,Intersection C
32,/data/images/img23.jpg,Bus,271,66,324,452,81,232,2025-01-03 01:19:18,Cloudy,Intersection A
29,/data/images/img53.jpg,Bus,110,44,425,343,53,58,2025-01-03 14:46:33,Rainy,Intersection B
18,/data/images/img4.jpg,Car,192,33,322,368,65,178,2025-01-03 19:33:21,Cloudy,Intersection C
95,/data/images/img23.jpg,Motorcycle,214,158,505,460,262,196,2025-01-03 13:56:43,Rainy,Intersection B
14,/data/images/img95.jpg,Truck,232,203,524,360,249,280,2025-01-03 04:21:57,Cloudy,Intersection C
87,/data/images/img43.jpg,Motorcycle,174,245,419,422,106,182,2025-01-03 15:22:48,Sunny,Intersection B
95,/data/images/img53.jpg,Bus,80,269,576,456,83,254,2025-01-03 06:10:58,Rainy,Intersection C
70,/data/images/img86.jpg,Truck,189,210,411,359,100,196,2025-01-03 12:01:14,Cloudy,Highway 1
12,/data/images/img95.jpg,Truck,159,209,328,393,260,223,2025-01-03 07:46:08,Rainy,Intersection A
76,/data/images/img32.jpg,Car,166,294,371,491,152,208,2025-01-03 06:46:01,Rainy,Highway 1
55,/data/images/img35.jpg,Car,290,37,557,372,145,87,2025-01-03 18:32:10,Sunny,Intersection A
5,/data/images/img21.jpg,Motorcycle,43,64,448,561,225,80,2025-01-03 03:23:45,Cloudy,Intersection C
4,/data/images/img90.jpg,Truck,26,162,419,498,211,293,2025-01-03 20:50:02,Rainy,Highway 1
12,/data/images/img14.jpg,Motorcycle,79,37,594,514,290,243,2025-01-03 12:56:40,Foggy,Intersection A
28,/data/images/img49.jpg,Truck,80,230,463,370,215,164,2025-01-03 08:49:34,Rainy,Intersection A
30,/data/images/img5.jpg,Car,25,238,595,594,71,94,2025-01-03 19:03:38,Sunny,Intersection B
65,/data/images/img61.jpg,Bus,41,264,464,496,199,292,2025-01-03 01:42:06,Sunny,Highway 1
78,/data/images/img29.jpg,Car,139,176,421,516,200,92,2025-01-03 20:53:01,Cloudy,Highway 1
4,/data/images/img26.jpg,Car,226,65,454,395,116,298,2025-01-03 01:44:07,Sunny,Intersection A
72,/data/images/img59.jpg,Bus,217,282,373,549,284,104,2025-01-03 13:28:24,Sunny,Highway 1
26,/data/images/img45.jpg,Truck,248,300,566,575,258,256,2025-01-03 03:35:16,Rainy,Intersection A
92,/data/images/img40.jpg,Motorcycle,226,93,413,388,69,99,2025-01-03 15:44:09,Sunny,Intersection B
84,/data/images/img30.jpg,Car,212,66,511,584,55,82,2025-01-03 06:44:43,Rainy,Intersection B
90,/data/images/img29.jpg,Motorcycle,139,221,453,385,66,60,2025-01-03 20:00:19,Rainy,Highway 2
70,/data/images/img4.jpg,Bus,110,257,440,550,100,158,2025-01-03 13:42:06,Sunny,Highway 1
54,/data/images/img85.jpg,Motorcycle,262,28,331,447,281,70,2025-01-03 21:33:17,Foggy,Highway 2
29,/data/images/img25.jpg,Car,58,63,585,371,215,224,2025-01-03 19:38:44,Sunny,Intersection A
58,/data/images/img52.jpg,Bus,176,265,389,395,163,161,2025-01-03 04:26:53,Foggy,Highway 2
76,/data/images/img43.jpg,Truck,220,78,518,461,257,101,2025-01-03 03:32:46,Sunny,Highway 1
36,/data/images/img36.jpg,Truck,56,155,584,530,82,260,2025-01-03 19:07:18,Rainy,Intersection B
1,/data/images/img9.jpg,Motorcycle,145,84,553,327,73,210,2025-01-03 03:50:06,Foggy,Intersection B
98,/data/images/img99.jpg,Motorcycle,249,82,324,483,281,87,2025-01-03 15:12:38,Foggy,Highway 2
21,/data/images/img36.jpg,Truck,269,165,476,304,266,263,2025-01-03 06:49:16,Cloudy,Intersection A
90,/data/images/img45.jpg,Bus,157,115,495,548,262,202,2025-01-03 16:12:22,Cloudy,Intersection B
55,/data/images/img83.jpg,Bus,23,177,568,369,257,116,2025-01-03 22:26:18,Foggy,Highway 2
44,/data/images/img66.jpg,Bus,112,265,463,399,134,131,2025-01-03 05:02:35,Rainy,Intersection C
36,/data/images/img52.jpg,Motorcycle,202,145,513,496,81,283,2025-01-03 15:58:13,Cloudy,Intersection A
20,/data/images/img87.jpg,Car,28,40,509,587,60,236,2025-01-03 22:59:30,Cloudy,Intersection C
28,/data/images/img69.jpg,Car,3,128,376,558,291,284,2025-01-03 10:15:00,Rainy,Intersection C
98,/data/images/img43.jpg,Bus,104,100,453,553,168,256,2025-01-03 00:42:05,Cloudy,Highway 2
44,/data/images/img4.jpg,Car,154,282,492,509,62,67,2025-01-03 03:53:36,Sunny,Intersection A
14,/data/images/img15.jpg,Car,108,140,394,551,93,72,2025-01-03 21:31:09,Foggy,Intersection B
12,/data/images/img34.jpg,Car,70,64,575,512,286,149,2025-01-03 02:49:32,Rainy,Intersection C
49,/data/images/img23.jpg,Car,130,155,542,527,196,192,2025-01-03 02:46:46,Cloudy,Intersection B
13,/data/images/img75.jpg,Truck,148,273,423,550,160,151,2025-01-03 03:57:16,Rainy,Intersection B
46,/data/images/img34.jpg,Bus,167,47,415,385,260,191,2025-01-03 20:14:29,Rainy,Intersection A
45,/data/images/img5.jpg,Truck,61,257,453,342,235,133,2025-01-03 09:16:29,Rainy,Intersection B
78,/data/images/img14.jpg,Car,3,86,373,589,151,269,2025-01-03 01:06:52,Cloudy,Intersection B
34,/data/images/img77.jpg,Bus,254,297,537,315,177,120,2025-01-03 05:55:02,Foggy,Highway 1
6,/data/images/img56.jpg,Bus,220,78,329,412,57,183,2025-01-03 09:23:51,Rainy,Intersection B
94,/data/images/img45.jpg,Truck,89,87,587,449,147,167,2025-01-03 21:20:27,Sunny,Highway 2
59,/data/images/img94.jpg,Bus,66,172,511,316,224,284,2025-01-03 23:07:06,Sunny,Intersection C
69,/data/images/img41.jpg,Motorcycle,194,288,513,440,159,273,2025-01-03 01:00:54,Foggy,Highway 2
16,/data/images/img56.jpg,Motorcycle,272,21,585,415,94,53,2025-01-03 04:42:41,Foggy,Highway 1
49,/data/images/img78.jpg,Bus,117,14,571,575,140,251,2025-01-03 05:21:22,Sunny,Highway 2
11,/data/images/img66.jpg,Bus,256,41,368,447,104,229,2025-01-03 14:39:17,Cloudy,Highway 2
71,/data/images/img15.jpg,Motorcycle,286,23,498,386,282,209,2025-01-03 23:05:23,Cloudy,Highway 2
38,/data/images/img50.jpg,Truck,181,295,424,534,97,200,2025-01-03 10:11:07,Sunny,Intersection A
81,/data/images/img74.jpg,Bus,36,135,430,589,120,183,2025-01-03 12:25:29,Foggy,Intersection C
80,/data/images/img25.jpg,Bus,203,107,404,553,121,250,2025-01-03 08:53:24,Rainy,Intersection B
47,/data/images/img33.jpg,Motorcycle,21,292,469,581,164,157,2025-01-03 22:54:30,Cloudy,Intersection A
74,/data/images/img6.jpg,Motorcycle,223,213,340,561,276,78,2025-01-03 13:41:56,Rainy,Highway 2
25,/data/images/img91.jpg,Car,9,15,530,357,88,156,2025-01-03 05:07:08,Cloudy,Highway 1
91,/data/images/img56.jpg,Car,235,254,489,593,58,88,2025-01-03 22:46:03,Foggy,Intersection A
9,/data/images/img1.jpg,Truck,39,279,347,358,207,87,2025-01-03 05:06:26,Rainy,Intersection B
6,/data/images/img67.jpg,Bus,160,148,574,437,208,195,2025-01-03 18:30:51,Rainy,Highway 2
85,/data/images/img69.jpg,Bus,294,154,397,578,207,200,2025-01-03 18:43:28,Cloudy,Highway 1
30,/data/images/img88.jpg,Truck,219,247,326,487,112,199,2025-01-03 05:39:24,Sunny,Highway 1
99,/data/images/img93.jpg,Car,293,125,437,577,215,244,2025-01-03 11:39:01,Sunny,Intersection B
38,/data/images/img95.jpg,Bus,207,207,493,321,125,296,2025-01-03 21:56:53,Foggy,Intersection B
11,/data/images/img95.jpg,Bus,213,152,320,525,177,290,2025-01-03 23:57:08,Rainy,Intersection A
30,/data/images/img86.jpg,Motorcycle,148,232,337,579,155,75,2025-01-03 15:58:31,Cloudy,Highway 2
13,/data/images/img26.jpg,Bus,58,37,396,411,275,286,2025-01-03 03:56:26,Cloudy,Highway 2
49,/data/images/img47.jpg,Truck,207,30,600,517,190,77,2025-01-03 14:02:04,Foggy,Intersection B
36,/data/images/img56.jpg,Car,10,80,586,352,172,194,2025-01-03 08:41:20,Sunny,Intersection C
59,/data/images/img9.jpg,Car,166,225,411,426,65,249,2025-01-03 00:45:55,Sunny,Intersection B
82,/data/images/img86.jpg,Truck,87,212,545,452,72,75,2025-01-03 21:33:49,Sunny,Intersection A
47,/data/images/img43.jpg,Truck,235,247,406,316,121,251,2025-01-03 23:36:46,Rainy,Intersection C
21,/data/images/img80.jpg,Truck,185,237,470,530,148,123,2025-01-03 18:14:42,Rainy,Highway 2
48,/data/images/img41.jpg,Car,45,104,455,434,85,272,2025-01-03 10:33:33,Rainy,Highway 2
46,/data/images/img85.jpg,Motorcycle,223,174,307,478,157,187,2025-01-03 22:44:39,Cloudy,Intersection B
27,/data/images/img16.jpg,Motorcycle,54,73,408,344,101,275,2025-01-03 03:27:42,Rainy,Highway 1
86,/data/images/img93.jpg,Bus,124,160,397,524,214,138,2025-01-03 23:15:30,Rainy,Intersection C
35,/data/images/img39.jpg,Motorcycle,223,163,360,360,276,274,2025-01-03 11:42:43,Foggy,Intersection A
90,/data/images/img65.jpg,Motorcycle,205,176,545,421,254,155,2025-01-03 20:24:09,Rainy,Highway 2
88,/data/images/img40.jpg,Bus,268,204,424,407,184,117,2025-01-03 17:57:39,Cloudy,Highway 2
83,/data/images/img86.jpg,Truck,40,66,404,479,113,148,2025-01-03 01:00:41,Foggy,Intersection A
10,/data/images/img53.jpg,Car,202,189,503,519,211,217,2025-01-03 05:32:54,Rainy,Highway 2
78,/data/images/img42.jpg,Motorcycle,158,263,422,384,255,174,2025-01-03 15:54:31,Sunny,Highway 2
82,/data/images/img52.jpg,Truck,173,287,582,371,189,196,2025-01-03 05:04:48,Sunny,Intersection B
22,/data/images/img90.jpg,Bus,113,54,464,405,253,205,2025-01-03 15:20:15,Cloudy,Intersection C
69,/data/images/img38.jpg,Motorcycle,170,163,444,405,54,171,2025-01-03 10:17:03,Cloudy,Highway 2
94,/data/images/img71.jpg,Car,86,123,494,330,147,59,2025-01-03 16:14:35,Foggy,Intersection A
32,/data/images/img17.jpg,Bus,39,238,538,591,250,94,2025-01-03 20:24:25,Cloudy,Intersection B
21,/data/images/img25.jpg,Bus,261,62,573,479,232,120,2025-01-03 07:05:29,Sunny,Highway 2
60,/data/images/img54.jpg,Truck,58,136,483,572,141,153,2025-01-03 14:51:36,Sunny,Highway 1
49,/data/images/img86.jpg,Car,271,230,457,443,172,86,2025-01-03 14:05:54,Sunny,Highway 1
35,/data/images/img49.jpg,Truck,261,126,433,575,189,208,2025-01-03 15:28:20,Sunny,Highway 2
82,/data/images/img87.jpg,Truck,99,72,484,386,250,205,2025-01-03 03:31:47,Foggy,Intersection C
89,/data/images/img96.jpg,Bus,178,49,562,465,174,224,2025-01-03 20:01:06,Cloudy,Intersection C
72,/data/images/img23.jpg,Motorcycle,179,25,554,449,138,227,2025-01-03 12:26:02,Sunny,Intersection C
29,/data/images/img79.jpg,Truck,75,148,538,448,283,152,2025-01-03 17:35:00,Rainy,Highway 2
88,/data/images/img73.jpg,Bus,120,196,350,593,194,59,2025-01-03 02:50:38,Foggy,Highway 2
42,/data/images/img39.jpg,Truck,52,214,540,436,178,151,2025-01-03 19:40:19,Sunny,Highway 2
99,/data/images/img52.jpg,Motorcycle,74,127,463,563,132,277,2025-01-03 16:35:13,Rainy,Intersection B
100,/data/images/img71.jpg,Motorcycle,131,81,404,348,149,275,2025-01-03 20:42:29,Sunny,Highway 1
8,/data/images/img1.jpg,Bus,101,167,489,369,119,134,2025-01-03 10:23:52,Cloudy,Intersection A
30,/data/images/img39.jpg,Truck,88,295,460,510,96,226,2025-01-03 01:52:14,Foggy,Intersection A
5,/data/images/img37.jpg,Truck,78,160,511,330,56,110,2025-01-03 14:21:35,Rainy,Highway 1
41,/data/images/img27.jpg,Truck,38,97,323,441,131,62,2025-01-03 19:38:30,Sunny,Highway 1
52,/data/images/img56.jpg,Motorcycle,90,81,588,364,202,240,2025-01-03 22:42:23,Rainy,Intersection B
35,/data/images/img75.jpg,Truck,252,255,413,367,106,171,2025-01-03 22:28:07,Cloudy,Intersection C
9,/data/images/img78.jpg,Bus,237,263,374,427,57,285,2025-01-03 03:48:42,Sunny,Intersection B
28,/data/images/img84.jpg,Motorcycle,288,239,308,374,279,118,2025-01-03 07:00:21,Foggy,Intersection B
73,/data/images/img42.jpg,Bus,296,255,433,464,257,279,2025-01-03 11:53:40,Sunny,Highway 1
92,/data/images/img60.jpg,Bus,229,157,583,426,249,145,2025-01-03 09:35:33,Cloudy,Intersection B
41,/data/images/img57.jpg,Truck,289,254,599,501,121,55,2025-01-03 11:44:06,Foggy,Highway 1
28,/data/images/img57.jpg,Car,165,11,596,550,64,136,2025-01-03 01:57:10,Rainy,Intersection C
84,/data/images/img87.jpg,Truck,161,46,513,372,257,259,2025-01-03 15:08:52,Rainy,Intersection C
64,/data/images/img28.jpg,Motorcycle,77,201,451,595,170,253,2025-01-03 22:47:46,Foggy,Highway 1
51,/data/images/img66.jpg,Bus,225,258,378,437,185,127,2025-01-03 13:06:16,Cloudy,Highway 1
83,/data/images/img61.jpg,Motorcycle,34,234,400,512,141,129,2025-01-03 19:12:12,Rainy,Intersection B
59,/data/images/img95.jpg,Car,240,123,468,492,246,121,2025-01-03 03:59:54,Rainy,Highway 2
19,/data/images/img22.jpg,Bus,226,110,417,531,199,265,2025-01-03 12:13:29,Foggy,Intersection C
34,/data/images/img85.jpg,Motorcycle,155,298,494,338,109,175,2025-01-03 06:45:21,Cloudy,Intersection A
18,/data/images/img11.jpg,Truck,140,180,591,347,299,269,2025-01-03 03:48:26,Sunny,Intersection A
32,/data/images/img37.jpg,Bus,28,24,425,506,90,228,2025-01-03 01:59:40,Cloudy,Intersection A
96,/data/images/img66.jpg,Car,180,25,555,563,75,225,2025-01-03 21:37:07,Cloudy,Highway 1
72,/data/images/img85.jpg,Motorcycle,259,144,581,442,113,75,2025-01-03 14:29:42,Cloudy,Intersection A
69,/data/images/img82.jpg,Bus,37,253,472,488,218,298,2025-01-03 18:32:08,Cloudy,Intersection B
34,/data/images/img80.jpg,Car,158,240,431,532,111,272,2025-01-03 15:00:33,Cloudy,Intersection C
96,/data/images/img43.jpg,Car,236,146,550,549,118,108,2025-01-03 23:03:35,Cloudy,Highway 1
75,/data/images/img12.jpg,Bus,231,274,551,467,186,84,2025-01-03 13:53:37,Rainy,Highway 2
55,/data/images/img97.jpg,Bus,19,4,535,597,258,126,2025-01-03 15:59:32,Rainy,Highway 1
75,/data/images/img31.jpg,Car,29,55,386,301,252,299,2025-01-03 05:44:37,Cloudy,Intersection A
52,/data/images/img87.jpg,Motorcycle,188,220,480,347,284,240,2025-01-03 05:46:52,Foggy,Highway 2
47,/data/images/img40.jpg,Motorcycle,146,68,386,534,238,163,2025-01-03 04:06:24,Rainy,Highway 2
29,/data/images/img29.jpg,Truck,39,135,371,483,64,248,2025-01-03 21:38:38,Rainy,Highway 2
18,/data/images/img26.jpg,Car,46,187,579,332,245,261,2025-01-03 10:32:56,Rainy,Intersection C
66,/data/images/img19.jpg,Motorcycle,259,206,550,573,292,132,2025-01-03 12:26:38,Rainy,Intersection B
64,/data/images/img4.jpg,Truck,196,187,394,503,106,118,2025-01-03 22:48:15,Sunny,Intersection C
12,/data/images/img6.jpg,Bus,236,23,577,411,197,236,2025-01-03 08:25:21,Foggy,Intersection B
97,/data/images/img32.jpg,Bus,297,205,330,519,266,156,2025-01-03 09:28:51,Foggy,Intersection C
7,/data/images/img61.jpg,Truck,283,26,568,408,254,204,2025-01-03 04:08:26,Rainy,Intersection A
15,/data/images/img79.jpg,Motorcycle,21,291,317,553,149,215,2025-01-03 19:44:56,Rainy,Highway 1
20,/data/images/img99.jpg,Motorcycle,230,287,338,437,140,72,2025-01-03 23:32:19,Sunny,Intersection B
81,/data/images/img10.jpg,Car,292,99,324,465,289,98,2025-01-03 22:35:55,Foggy,Intersection B
21,/data/images/img59.jpg,Bus,96,185,303,445,264,163,2025-01-03 10:45:47,Foggy,Highway 1
88,/data/images/img54.jpg,Truck,164,283,511,472,266,104,2025-01-03 17:40:13,Rainy,Highway 1
55,/data/images/img81.jpg,Motorcycle,243,147,370,580,94,283,2025-01-03 06:13:39,Sunny,Intersection C
77,/data/images/img74.jpg,Bus,256,37,418,595,95,260,2025-01-03 22:18:43,Rainy,Intersection C
9,/data/images/img25.jpg,Motorcycle,77,197,334,366,110,154,2025-01-03 11:58:43,Rainy,Highway 2
50,/data/images/img92.jpg,Motorcycle,31,258,377,589,201,239,2025-01-03 04:45:41,Sunny,Highway 1
49,/data/images/img90.jpg,Truck,230,230,304,548,131,174,2025-01-03 05:32:34,Sunny,Intersection C
77,/data/images/img50.jpg,Motorcycle,52,281,411,475,256,244,2025-01-03 22:40:20,Rainy,Intersection C
60,/data/images/img64.jpg,Truck,175,143,558,324,238,182,2025-01-03 22:07:48,Rainy,Highway 2
68,/data/images/img52.jpg,Motorcycle,43,60,533,323,228,272,2025-01-03 11:35:30,Cloudy,Intersection A
33,/data/images/img32.jpg,Bus,258,65,491,350,141,145,2025-01-03 18:36:42,Rainy,Highway 2
71,/data/images/img19.jpg,Motorcycle,88,49,330,535,283,260,2025-01-03 22:26:43,Sunny,Intersection C
2,/data/images/img84.jpg,Truck,20,201,547,308,201,64,2025-01-03 23:57:53,Cloudy,Intersection B
88,/data/images/img89.jpg,Truck,126,191,549,363,57,181,2025-01-03 17:18:56,Rainy,Highway 1
93,/data/images/img1.jpg,Bus,224,173,308,380,230,252,2025-01-03 13:51:00,Rainy,Intersection C
15,/data/images/img97.jpg,Motorcycle,224,285,303,525,229,90,2025-01-03 16:06:01,Rainy,Intersection C
88,/data/images/img99.jpg,Truck,268,187,572,533,140,66,2025-01-03 12:09:03,Rainy,Highway 1
69,/data/images/img14.jpg,Car,267,73,582,300,292,129,2025-01-03 21:03:12,Sunny,Intersection A
97,/data/images/img100.jpg,Bus,81,101,510,519,195,231,2025-01-03 08:48:50,Foggy,Intersection B
35,/data/images/img55.jpg,Truck,186,260,306,403,194,179,2025-01-03 05:18:43,Foggy,Intersection B
99,/data/images/img29.jpg,Bus,190,205,308,367,86,153,2025-01-03 08:09:53,Foggy,Intersection B
83,/data/images/img23.jpg,Bus,144,256,571,454,194,84,2025-01-03 01:44:50,Cloudy,Highway 2
44,/data/images/img90.jpg,Truck,198,20,440,381,292,249,2025-01-03 09:13:48,Rainy,Intersection C
15,/data/images/img67.jpg,Truck,209,23,574,440,98,267,2025-01-03 17:02:22,Cloudy,Intersection C
38,/data/images/img60.jpg,Car,173,19,446,347,264,184,2025-01-03 14:06:39,Foggy,Highway 1
56,/data/images/img7.jpg,Bus,26,70,308,484,257,275,2025-01-03 21:47:35,Rainy,Intersection A
21,/data/images/img72.jpg,Bus,171,170,557,428,275,195,2025-01-03 07:47:41,Foggy,Intersection C
59,/data/images/img32.jpg,Car,33,242,520,342,298,57,2025-01-03 17:24:15,Sunny,Intersection A
1,/data/images/img16.jpg,Motorcycle,168,265,391,490,176,94,2025-01-03 16:50:50,Rainy,Highway 2
93,/data/images/img59.jpg,Car,48,233,354,384,188,99,2025-01-03 22:18:44,Cloudy,Intersection C
93,/data/images/img18.jpg,Bus,285,76,349,326,129,274,2025-01-03 21:03:59,Cloudy,Highway 1
34,/data/images/img60.jpg,Bus,197,263,568,502,94,263,2025-01-03 12:24:26,Rainy,Intersection A
65,/data/images/img86.jpg,Motorcycle,145,71,376,456,175,101,2025-01-03 21:20:35,Cloudy,Highway 1
98,/data/images/img68.jpg,Truck,129,167,423,419,59,264,2025-01-03 01:00:47,Sunny,Highway 2
23,/data/images/img72.jpg,Bus,76,163,398,519,73,64,2025-01-03 08:12:39,Sunny,Highway 1
65,/data/images/img77.jpg,Motorcycle,170,83,569,346,64,113,2025-01-03 14:53:14,Sunny,Intersection A
14,/data/images/img41.jpg,Motorcycle,41,201,429,348,109,58,2025-01-03 20:45:45,Cloudy,Intersection C
81,/data/images/img97.jpg,Truck,298,153,481,300,204,166,2025-01-03 20:23:48,Sunny,Intersection C
39,/data/images/img57.jpg,Car,72,172,436,409,106,62,2025-01-03 18:34:47,Sunny,Intersection A
82,/data/images/img79.jpg,Bus,179,259,503,544,55,285,2025-01-03 19:12:49,Rainy,Intersection C
65,/data/images/img93.jpg,Bus,158,260,340,339,184,142,2025-01-03 23:12:18,Cloudy,Highway 1
78,/data/images/img65.jpg,Motorcycle,200,272,491,367,172,230,2025-01-03 14:11:43,Cloudy,Intersection B
26,/data/images/img55.jpg,Motorcycle,66,250,507,415,50,100,2025-01-03 02:11:11,Sunny,Intersection C
20,/data/images/img71.jpg,Truck,43,288,535,565,134,120,2025-01-03 23:32:07,Sunny,Intersection B
48,/data/images/img58.jpg,Bus,158,153,589,527,284,144,2025-01-03 12:02:27,Rainy,Highway 1
98,/data/images/img21.jpg,Truck,286,243,424,304,207,260,2025-01-03 08:35:16,Rainy,Highway 2
21,/data/images/img96.jpg,Bus,192,8,415,304,101,168,2025-01-03 04:10:37,Rainy,Highway 1
70,/data/images/img61.jpg,Truck,168,188,453,475,256,179,2025-01-03 08:00:21,Foggy,Highway 1
100,/data/images/img58.jpg,Bus,65,169,341,361,83,151,2025-01-03 14:45:59,Foggy,Intersection A
68,/data/images/img34.jpg,Car,269,56,316,516,137,212,2025-01-03 04:02:09,Rainy,Intersection A
1,/data/images/img97.jpg,Truck,47,213,347,367,233,286,2025-01-03 10:38:03,Foggy,Intersection C
77,/data/images/img32.jpg,Motorcycle,216,298,507,544,95,81,2025-01-03 20:39:53,Rainy,Intersection B
42,/data/images/img82.jpg,Truck,260,157,494,336,285,224,2025-01-03 21:19:31,Foggy,Intersection C
63,/data/images/img36.jpg,Bus,185,13,493,417,255,57,2025-01-03 18:35:22,Foggy,Intersection B
3,/data/images/img99.jpg,Bus,9,242,582,496,266,111,2025-01-03 02:50:45,Sunny,Highway 1
15,/data/images/img100.jpg,Motorcycle,185,135,543,345,272,145,2025-01-03 10:33:14,Foggy,Intersection C
47,/data/images/img67.jpg,Motorcycle,158,296,328,352,132,175,2025-01-03 05:33:04,Sunny,Highway 2
40,/data/images/img63.jpg,Motorcycle,92,295,304,352,65,202,2025-01-03 16:10:26,Rainy,Intersection B
31,/data/images/img81.jpg,Truck,109,116,387,460,55,164,2025-01-03 17:34:25,Sunny,Intersection B
8,/data/images/img31.jpg,Truck,174,26,342,488,87,95,2025-01-03 02:22:14,Foggy,Highway 1
31,/data/images/img36.jpg,Bus,248,298,555,453,200,295,2025-01-03 06:42:21,Foggy,Highway 2
73,/data/images/img57.jpg,Motorcycle,98,245,522,370,230,272,2025-01-03 10:23:18,Foggy,Intersection C
11,/data/images/img10.jpg,Motorcycle,115,87,469,495,284,171,2025-01-03 06:48:39,Sunny,Highway 1
11,/data/images/img92.jpg,Car,70,268,589,368,86,200,2025-01-03 16:30:35,Foggy,Intersection A
94,/data/images/img37.jpg,Car,79,194,348,373,248,191,2025-01-03 20:00:07,Sunny,Highway 2
63,/data/images/img31.jpg,Bus,39,75,570,335,78,139,2025-01-03 21:22:28,Foggy,Intersection A
9,/data/images/img35.jpg,Motorcycle,151,124,321,571,266,138,2025-01-03 07:57:41,Rainy,Highway 1
98,/data/images/img43.jpg,Motorcycle,51,16,417,588,184,91,2025-01-03 19:58:39,Cloudy,Intersection C
69,/data/images/img41.jpg,Bus,259,293,408,304,270,264,2025-01-03 07:02:43,Sunny,Intersection B
99,/data/images/img70.jpg,Truck,276,56,590,384,143,278,2025-01-03 10:24:58,Rainy,Highway 1
17,/data/images/img11.jpg,Car,269,97,543,525,295,116,2025-01-03 03:24:16,Foggy,Intersection C
17,/data/images/img18.jpg,Bus,19,9,438,479,68,241,2025-01-03 17:46:18,Cloudy,Highway 1
85,/data/images/img20.jpg,Motorcycle,172,225,323,409,145,262,2025-01-03 00:58:33,Foggy,Intersection A
61,/data/images/img30.jpg,Truck,67,160,338,377,230,226,2025-01-03 11:32:51,Rainy,Intersection A
71,/data/images/img50.jpg,Bus,192,214,443,510,291,73,2025-01-03 16:28:31,Cloudy,Intersection B
22,/data/images/img89.jpg,Motorcycle,78,77,578,526,219,122,2025-01-03 01:18:57,Rainy,Highway 1
34,/data/images/img20.jpg,Car,83,211,588,411,151,57,2025-01-03 20:12:20,Rainy,Intersection B
68,/data/images/img91.jpg,Motorcycle,92,104,316,344,200,148,2025-01-03 16:05:06,Cloudy,Intersection C
78,/data/images/img28.jpg,Truck,84,210,391,351,75,62,2025-01-03 05:49:34,Sunny,Highway 2
55,/data/images/img9.jpg,Truck,224,256,461,371,136,91,2025-01-03 17:00:40,Foggy,Intersection C
28,/data/images/img54.jpg,Car,22,241,308,363,127,268,2025-01-03 02:13:42,Cloudy,Intersection A
70,/data/images/img53.jpg,Bus,210,31,406,496,132,196,2025-01-03 20:49:13,Rainy,Highway 2
97,/data/images/img43.jpg,Bus,186,70,600,479,84,249,2025-01-03 21:27:53,Cloudy,Intersection B
94,/data/images/img70.jpg,Motorcycle,121,265,373,519,299,297,2025-01-03 03:13:34,Sunny,Intersection C
89,/data/images/img60.jpg,Car,227,106,503,461,90,104,2025-01-03 22:56:47,Foggy,Intersection C
26,/data/images/img54.jpg,Car,145,287,339,371,237,269,2025-01-03 13:41:52,Foggy,Intersection C
92,/data/images/img8.jpg,Motorcycle,229,166,453,426,292,106,2025-01-03 02:47:43,Sunny,Intersection A
40,/data/images/img27.jpg,Bus,119,244,383,441,161,215,2025-01-03 04:01:29,Sunny,Highway 1
52,/data/images/img54.jpg,Car,273,269,588,343,252,107,2025-01-03 22:21:02,Cloudy,Intersection B
86,/data/images/img50.jpg,Motorcycle,122,192,423,427,213,223,2025-01-03 02:04:03,Rainy,Intersection C
84,/data/images/img99.jpg,Car,158,160,590,583,295,102,2025-01-03 05:50:16,Sunny,Highway 1
48,/data/images/img75.jpg,Truck,240,88,499,445,174,118,2025-01-03 17:04:36,Rainy,Intersection C
57,/data/images/img90.jpg,Truck,99,235,576,313,216,216,2025-01-03 07:58:16,Sunny,Highway 2
67,/data/images/img3.jpg,Truck,188,272,469,454,131,154,2025-01-03 13:24:28,Foggy,Intersection A
58,/data/images/img98.jpg,Car,292,175,496,405,94,181,2025-01-03 20:25:27,Sunny,Intersection A
16,/data/images/img74.jpg,Motorcycle,225,279,371,565,231,55,2025-01-03 10:01:24,Sunny,Highway 1
32,/data/images/img49.jpg,Motorcycle,236,181,340,560,297,271,2025-01-03 21:07:34,Foggy,Intersection A
29,/data/images/img62.jpg,Bus,144,135,556,396,193,249,2025-01-03 00:41:46,Rainy,Highway 2
9,/data/images/img1.jpg,Car,195,247,477,500,227,297,2025-01-03 19:04:48,Cloudy,Highway 1
44,/data/images/img46.jpg,Truck,257,98,327,451,277,246,2025-01-03 23:37:02,Rainy,Highway 2
3,/data/images/img39.jpg,Truck,270,126,350,327,287,224,2025-01-03 22:54:04,Sunny,Intersection B
76,/data/images/img97.jpg,Bus,214,142,523,422,207,52,2025-01-03 11:59:32,Sunny,Highway 2
71,/data/images/img50.jpg,Bus,82,285,418,553,251,171,2025-01-03 03:18:50,Sunny,Intersection A
30,/data/images/img54.jpg,Truck,102,152,338,497,141,283,2025-01-03 21:19:38,Cloudy,Intersection C
76,/data/images/img69.jpg,Truck,70,115,474,357,107,83,2025-01-03 02:18:48,Foggy,Intersection A
29,/data/images/img96.jpg,Motorcycle,128,152,503,423,220,215,2025-01-03 14:24:25,Foggy,Highway 1
1,/data/images/img95.jpg,Car,26,147,467,555,200,94,2025-01-03 21:01:30,Cloudy,Highway 1
10,/data/images/img70.jpg,Truck,246,106,315,336,258,203,2025-01-03 05:34:14,Sunny,Highway 1
91,/data/images/img78.jpg,Truck,190,250,439,570,94,255,2025-01-03 04:47:25,Cloudy,Intersection C
81,/data/images/img29.jpg,Car,283,162,530,306,146,52,2025-01-03 17:18:40,Cloudy,Highway 1
8,/data/images/img63.jpg,Bus,52,245,551,484,128,107,2025-01-03 04:19:43,Foggy,Intersection A
30,/data/images/img29.jpg,Bus,264,178,416,462,237,114,2025-01-03 23:41:23,Sunny,Intersection C
9,/data/images/img35.jpg,Motorcycle,63,286,482,367,226,205,2025-01-03 00:35:55,Sunny,Intersection C
5,/data/images/img56.jpg,Truck,145,140,583,498,125,256,2025-01-03 17:09:07,Foggy,Highway 2
43,/data/images/img63.jpg,Motorcycle,42,147,492,591,82,291,2025-01-03 01:00:36,Foggy,Intersection A
10,/data/images/img4.jpg,Bus,82,62,521,515,95,128,2025-01-03 19:25:34,Foggy,Intersection B
66,/data/images/img50.jpg,Truck,139,293,395,487,236,232,2025-01-03 17:05:19,Foggy,Intersection B
31,/data/images/img44.jpg,Bus,230,278,599,579,50,297,2025-01-03 06:47:47,Rainy,Intersection B
36,/data/images/img86.jpg,Bus,262,194,494,388,292,231,2025-01-03 23:22:13,Sunny,Intersection A
86,/data/images/img87.jpg,Bus,75,202,343,541,229,214,2025-01-03 13:57:41,Cloudy,Intersection C
63,/data/images/img52.jpg,Car,223,176,451,337,292,120,2025-01-03 16:09:10,Rainy,Intersection C
28,/data/images/img93.jpg,Bus,46,74,426,308,196,158,2025-01-03 05:14:39,Sunny,Intersection B
70,/data/images/img22.jpg,Truck,113,148,337,600,150,279,2025-01-03 08:12:07,Foggy,Intersection A
17,/data/images/img60.jpg,Motorcycle,230,21,342,334,267,146,2025-01-03 05:42:51,Rainy,Highway 1
93,/data/images/img17.jpg,Truck,178,147,437,307,247,268,2025-01-03 18:54:03,Rainy,Intersection B
74,/data/images/img80.jpg,Motorcycle,13,40,378,434,297,139,2025-01-03 17:29:41,Rainy,Intersection C
74,/data/images/img69.jpg,Bus,212,177,494,410,195,167,2025-01-03 17:04:18,Cloudy,Intersection C
61,/data/images/img4.jpg,Truck,27,226,378,320,58,114,2025-01-03 21:04:16,Sunny,Highway 1
32,/data/images/img51.jpg,Bus,202,131,499,330,96,105,2025-01-03 03:12:46,Sunny,Highway 1
61,/data/images/img76.jpg,Bus,257,245,462,503,204,169,2025-01-03 18:31:21,Rainy,Intersection A
53,/data/images/img73.jpg,Bus,191,109,484,559,131,127,2025-01-03 11:08:42,Cloudy,Highway 1
25,/data/images/img85.jpg,Bus,120,103,354,446,285,223,2025-01-03 20:15:06,Rainy,Highway 1
13,/data/images/img4.jpg,Bus,197,275,346,556,257,183,2025-01-03 09:39:04,Foggy,Highway 2
13,/data/images/img11.jpg,Motorcycle,41,138,302,512,297,261,2025-01-03 06:20:31,Foggy,Intersection C
85,/data/images/img83.jpg,Bus,191,287,457,516,206,209,2025-01-03 14:21:39,Cloudy,Highway 1
56,/data/images/img55.jpg,Motorcycle,114,139,527,505,106,151,2025-01-03 21:19:44,Sunny,Highway 2
46,/data/images/img18.jpg,Bus,14,70,484,342,213,199,2025-01-03 18:09:36,Sunny,Highway 2
55,/data/images/img60.jpg,Truck,163,55,438,574,194,76,2025-01-03 18:23:51,Rainy,Intersection B
53,/data/images/img24.jpg,Truck,50,300,352,575,76,51,2025-01-03 10:27:10,Rainy,Highway 1
60,/data/images/img7.jpg,Bus,171,122,367,378,289,180,2025-01-03 00:20:15,Rainy,Intersection B
94,/data/images/img34.jpg,Bus,74,124,344,442,177,219,2025-01-03 07:45:47,Sunny,Intersection C
7,/data/images/img49.jpg,Car,70,25,395,342,86,297,2025-01-03 20:27:17,Cloudy,Highway 2
87,/data/images/img42.jpg,Truck,19,271,520,458,134,265,2025-01-03 11:08:43,Rainy,Intersection B
84,/data/images/img28.jpg,Bus,146,115,529,340,240,264,2025-01-03 23:21:56,Sunny,Intersection A
83,/data/images/img59.jpg,Car,241,119,585,561,69,145,2025-01-03 15:29:28,Sunny,Intersection C
13,/data/images/img42.jpg,Car,71,26,584,404,110,193,2025-01-03 11:49:19,Foggy,Intersection C
8,/data/images/img44.jpg,Bus,240,51,562,379,138,215,2025-01-03 15:35:06,Foggy,Highway 1
52,/data/images/img98.jpg,Motorcycle,229,211,508,574,131,202,2025-01-03 05:41:38,Sunny,Intersection C
94,/data/images/img49.jpg,Bus,2,169,352,467,92,205,2025-01-03 02:53:17,Cloudy,Intersection A
44,/data/images/img36.jpg,Motorcycle,40,241,313,500,212,122,2025-01-03 04:57:34,Cloudy,Highway 1
14,/data/images/img97.jpg,Motorcycle,9,51,345,600,276,126,2025-01-03 06:16:46,Cloudy,Highway 1
32,/data/images/img54.jpg,Truck,131,70,481,333,296,225,2025-01-03 20:04:46,Rainy,Highway 2
25,/data/images/img33.jpg,Motorcycle,110,2,583,458,72,77,2025-01-03 02:57:01,Cloudy,Intersection A
25,/data/images/img11.jpg,Truck,76,281,347,523,260,173,2025-01-03 16:40:01,Rainy,Intersection A
69,/data/images/img61.jpg,Motorcycle,280,80,466,422,231,66,2025-01-03 18:37:25,Cloudy,Highway 1
58,/data/images/img3.jpg,Bus,270,208,497,329,221,136,2025-01-03 18:13:58,Cloudy,Intersection A
18,/data/images/img96.jpg,Truck,216,243,306,425,213,120,2025-01-03 01:35:16,Rainy,Highway 2
55,/data/images/img70.jpg,Car,56,244,449,344,236,213,2025-01-03 17:57:34,Cloudy,Highway 1
24,/data/images/img7.jpg,Motorcycle,147,102,511,522,276,133,2025-01-03 15:41:49,Sunny,Highway 2
36,/data/images/img45.jpg,Car,121,147,498,359,135,270,2025-01-03 04:23:25,Cloudy,Intersection C
60,/data/images/img29.jpg,Motorcycle,154,164,343,532,164,120,2025-01-03 07:57:49,Sunny,Intersection B
32,/data/images/img84.jpg,Motorcycle,62,146,586,328,52,116,2025-01-03 18:46:54,Foggy,Intersection C
10,/data/images/img9.jpg,Bus,24,30,424,458,117,217,2025-01-03 09:08:29,Sunny,Highway 1
57,/data/images/img100.jpg,Motorcycle,122,45,592,389,103,232,2025-01-03 16:32:05,Foggy,Intersection A
71,/data/images/img84.jpg,Motorcycle,214,293,566,361,113,293,2025-01-03 12:23:32,Sunny,Intersection B
13,/data/images/img6.jpg,Motorcycle,234,118,386,306,227,278,2025-01-03 00:42:15,Rainy,Intersection B
7,/data/images/img97.jpg,Truck,32,273,494,370,67,216,2025-01-03 19:43:10,Sunny,Highway 1
84,/data/images/img4.jpg,Motorcycle,56,19,386,305,139,126,2025-01-03 16:08:28,Cloudy,Intersection B
70,/data/images/img32.jpg,Car,255,89,371,383,115,98,2025-01-03 05:11:36,Foggy,Intersection C
2,/data/images/img26.jpg,Bus,274,213,437,554,251,88,2025-01-03 18:42:55,Cloudy,Intersection B
12,/data/images/img3.jpg,Truck,8,90,454,477,77,182,2025-01-03 04:47:46,Cloudy,Intersection A
97,/data/images/img80.jpg,Bus,263,18,437,567,234,245,2025-01-03 15:22:02,Cloudy,Highway 1
31,/data/images/img20.jpg,Bus,294,203,552,564,50,111,2025-01-03 07:48:31,Rainy,Intersection B
22,/data/images/img31.jpg,Bus,123,253,374,432,62,280,2025-01-03 07:04:16,Rainy,Highway 1
53,/data/images/img17.jpg,Motorcycle,73,95,332,385,148,64,2025-01-03 11:14:02,Cloudy,Highway 1
63,/data/images/img61.jpg,Motorcycle,149,148,385,490,162,256,2025-01-03 21:13:33,Sunny,Intersection A
62,/data/images/img86.jpg,Car,219,19,522,364,237,269,2025-01-03 11:24:30,Foggy,Intersection A
28,/data/images/img15.jpg,Car,0,4,441,437,157,255,2025-01-03 14:56:02,Sunny,Intersection B
52,/data/images/img73.jpg,Car,180,152,515,360,298,257,2025-01-03 01:41:20,Rainy,Intersection B
8,/data/images/img28.jpg,Motorcycle,123,290,453,315,92,203,2025-01-03 03:45:33,Foggy,Highway 1
22,/data/images/img60.jpg,Bus,292,54,547,471,276,153,2025-01-03 20:53:17,Sunny,Highway 2
49,/data/images/img90.jpg,Motorcycle,213,171,339,519,155,219,2025-01-03 23:16:37,Foggy,Highway 1
1,/data/images/img33.jpg,Car,95,145,484,439,176,131,2025-01-03 17:36:11,Sunny,Highway 1
50,/data/images/img99.jpg,Car,43,232,428,568,275,224,2025-01-03 12:41:24,Cloudy,Intersection C
34,/data/images/img48.jpg,Motorcycle,268,278,426,332,146,85,2025-01-03 11:37:41,Foggy,Highway 1
59,/data/images/img22.jpg,Motorcycle,184,268,553,434,139,234,2025-01-03 02:33:16,Rainy,Highway 2
37,/data/images/img78.jpg,Truck,34,252,400,595,189,56,2025-01-03 12:58:14,Rainy,Intersection C
55,/data/images/img78.jpg,Truck,269,68,534,339,146,217,2025-01-03 16:25:22,Cloudy,Intersection B
90,/data/images/img96.jpg,Car,278,258,354,554,75,177,2025-01-03 11:31:50,Foggy,Highway 1
94,/data/images/img92.jpg,Motorcycle,259,239,369,533,262,125,2025-01-03 15:56:38,Rainy,Intersection C
72,/data/images/img15.jpg,Truck,259,139,455,561,172,116,2025-01-03 00:32:56,Sunny,Highway 1
85,/data/images/img100.jpg,Truck,283,98,303,484,251,282,2025-01-03 04:28:10,Sunny,Highway 2
92,/data/images/img21.jpg,Car,10,57,502,328,271,157,2025-01-03 07:04:32,Rainy,Intersection B
63,/data/images/img40.jpg,Motorcycle,199,169,470,555,197,153,2025-01-03 20:17:13,Foggy,Highway 1
20,/data/images/img14.jpg,Car,240,83,494,590,216,149,2025-01-03 04:11:10,Foggy,Intersection B
25,/data/images/img75.jpg,Truck,22,234,468,385,244,238,2025-01-03 11:38:45,Sunny,Intersection C
38,/data/images/img4.jpg,Bus,198,131,525,488,225,59,2025-01-03 03:42:14,Cloudy,Intersection B
28,/data/images/img40.jpg,Bus,191,95,471,380,107,199,2025-01-03 13:51:21,Cloudy,Highway 1
8,/data/images/img74.jpg,Motorcycle,129,7,520,430,91,231,2025-01-03 23:07:30,Sunny,Highway 1
75,/data/images/img87.jpg,Truck,8,172,369,352,165,196,2025-01-03 21:30:30,Cloudy,Highway 2
95,/data/images/img49.jpg,Bus,182,151,453,593,68,258,2025-01-03 06:37:10,Sunny,Intersection B
70,/data/images/img51.jpg,Car,34,290,464,359,254,98,2025-01-03 20:53:26,Cloudy,Highway 2
8,/data/images/img92.jpg,Truck,176,98,402,416,266,137,2025-01-03 00:15:02,Sunny,Intersection B
96,/data/images/img26.jpg,Car,123,89,545,560,58,235,2025-01-03 04:36:37,Cloudy,Intersection A
41,/data/images/img10.jpg,Truck,53,207,460,301,125,232,2025-01-03 05:08:40,Rainy,Highway 2
8,/data/images/img76.jpg,Truck,297,218,390,322,55,106,2025-01-03 16:02:57,Sunny,Highway 1
7,/data/images/img89.jpg,Motorcycle,170,263,503,306,131,225,2025-01-03 18:09:03,Cloudy,Highway 2
75,/data/images/img81.jpg,Car,68,167,463,425,116,186,2025-01-03 05:16:59,Rainy,Intersection C
62,/data/images/img32.jpg,Truck,22,44,449,323,293,213,2025-01-03 05:33:25,Rainy,Intersection B
65,/data/images/img14.jpg,Truck,180,205,551,541,76,250,2025-01-03 19:36:40,Cloudy,Intersection C
68,/data/images/img90.jpg,Motorcycle,279,48,594,486,68,171,2025-01-03 00:56:46,Foggy,Highway 2
21,/data/images/img99.jpg,Motorcycle,173,94,424,496,137,282,2025-01-03 23:42:52,Sunny,Highway 1
8,/data/images/img39.jpg,Car,89,71,466,376,93,290,2025-01-03 09:05:13,Sunny,Highway 1
66,/data/images/img88.jpg,Bus,237,244,492,391,277,221,2025-01-03 14:38:30,Rainy,Intersection B
11,/data/images/img77.jpg,Bus,245,165,443,318,146,141,2025-01-03 15:10:14,Rainy,Intersection A
24,/data/images/img16.jpg,Motorcycle,93,127,501,583,91,179,2025-01-03 13:38:09,Sunny,Intersection C
9,/data/images/img73.jpg,Truck,69,3,486,514,237,126,2025-01-03 18:52:49,Foggy,Intersection C
77,/data/images/img6.jpg,Truck,32,133,358,414,69,266,2025-01-03 05:39:42,Rainy,Intersection B
9,/data/images/img45.jpg,Car,234,196,588,464,190,93,2025-01-03 16:16:10,Rainy,Intersection C
87,/data/images/img69.jpg,Car,18,120,402,427,291,265,2025-01-03 23:43:21,Rainy,Highway 2
31,/data/images/img55.jpg,Motorcycle,150,228,579,513,279,218,2025-01-03 14:38:37,Foggy,Intersection B
52,/data/images/img85.jpg,Truck,103,136,392,463,300,274,2025-01-03 02:14:24,Rainy,Intersection B
16,/data/images/img48.jpg,Bus,22,168,581,438,73,192,2025-01-03 12:08:06,Rainy,Intersection A
73,/data/images/img9.jpg,Bus,102,154,313,339,136,96,2025-01-03 00:12:33,Foggy,Highway 1
32,/data/images/img65.jpg,Bus,21,298,536,592,202,125,2025-01-03 16:43:26,Rainy,Highway 1
75,/data/images/img83.jpg,Car,161,293,407,490,207,74,2025-01-03 04:38:06,Cloudy,Highway 2
77,/data/images/img44.jpg,Motorcycle,158,5,524,361,278,170,2025-01-03 05:30:57,Cloudy,Intersection C
6,/data/images/img2.jpg,Car,263,133,449,557,173,82,2025-01-03 19:38:02,Cloudy,Intersection A
80,/data/images/img54.jpg,Car,203,184,335,326,230,239,2025-01-03 17:32:48,Sunny,Intersection C
11,/data/images/img63.jpg,Bus,278,120,509,391,57,116,2025-01-03 03:05:30,Foggy,Intersection C
54,/data/images/img14.jpg,Car,242,31,555,414,160,235,2025-01-03 21:08:57,Foggy,Intersection A
85,/data/images/img56.jpg,Motorcycle,129,60,371,564,291,256,2025-01-03 19:34:52,Rainy,Highway 2
75,/data/images/img47.jpg,Car,18,238,455,323,217,193,2025-01-03 00:57:49,Foggy,Highway 1
73,/data/images/img82.jpg,Car,97,157,423,505,92,245,2025-01-03 21:41:27,Rainy,Intersection C
67,/data/images/img59.jpg,Motorcycle,146,81,429,335,205,283,2025-01-03 16:26:23,Rainy,Highway 1
41,/data/images/img91.jpg,Truck,182,207,378,538,277,96,2025-01-03 01:44:33,Cloudy,Intersection A
34,/data/images/img20.jpg,Car,24,257,516,444,161,292,2025-01-03 13:14:51,Foggy,Highway 2
27,/data/images/img56.jpg,Motorcycle,169,159,493,459,90,224,2025-01-03 15:50:49,Cloudy,Highway 2
86,/data/images/img23.jpg,Car,139,60,337,467,63,280,2025-01-03 12:22:37,Cloudy,Highway 2
92,/data/images/img94.jpg,Motorcycle,63,151,529,344,75,135,2025-01-03 23:58:48,Foggy,Highway 1
41,/data/images/img67.jpg,Car,188,188,545,583,134,217,2025-01-03 22:36:06,Rainy,Intersection A
31,/data/images/img84.jpg,Car,223,113,598,533,102,72,2025-01-03 13:08:16,Rainy,Highway 1
34,/data/images/img35.jpg,Truck,204,112,505,304,299,106,2025-01-03 15:49:14,Sunny,Intersection C
51,/data/images/img79.jpg,Car,225,68,573,488,98,140,2025-01-03 02:18:38,Foggy,Highway 1
17,/data/images/img69.jpg,Bus,197,244,559,402,154,107,2025-01-03 17:26:16,Sunny,Intersection C
86,/data/images/img100.jpg,Car,173,78,514,449,228,240,2025-01-03 06:00:45,Foggy,Intersection A
83,/data/images/img62.jpg,Car,95,232,578,588,191,273,2025-01-03 23:50:00,Cloudy,Highway 2
39,/data/images/img60.jpg,Motorcycle,254,191,318,455,234,128,2025-01-03 18:33:07,Rainy,Highway 1
59,/data/images/img56.jpg,Car,254,212,484,424,286,157,2025-01-03 16:00:24,Cloudy,Intersection C
41,/data/images/img94.jpg,Truck,188,281,574,537,236,251,2025-01-03 20:13:44,Cloudy,Intersection A
97,/data/images/img76.jpg,Car,265,241,343,488,188,277,2025-01-03 10:26:23,Foggy,Intersection C
10,/data/images/img35.jpg,Car,136,275,355,552,117,134,2025-01-03 03:09:27,Sunny,Intersection A
2,/data/images/img42.jpg,Bus,42,111,427,400,219,145,2025-01-03 20:37:16,Sunny,Intersection C
59,/data/images/img32.jpg,Bus,217,126,481,579,122,116,2025-01-03 08:54:34,Rainy,Highway 1
80,/data/images/img12.jpg,Bus,40,41,385,425,126,199,2025-01-03 13:36:23,Sunny,Intersection B
73,/data/images/img36.jpg,Truck,220,269,322,377,110,125,2025-01-03 19:17:43,Rainy,Intersection C
13,/data/images/img58.jpg,Motorcycle,92,228,588,303,74,168,2025-01-03 12:48:13,Cloudy,Intersection B
10,/data/images/img32.jpg,Bus,279,270,504,509,62,267,2025-01-03 13:35:50,Sunny,Highway 2
69,/data/images/img97.jpg,Car,150,185,469,312,150,80,2025-01-03 17:30:11,Foggy,Intersection B
28,/data/images/img60.jpg,Bus,164,39,520,419,196,170,2025-01-03 11:35:35,Sunny,Intersection A
65,/data/images/img73.jpg,Motorcycle,52,288,354,577,190,63,2025-01-03 15:16:19,Rainy,Intersection B
34,/data/images/img79.jpg,Car,40,57,305,477,265,271,2025-01-03 18:22:49,Foggy,Intersection B
17,/data/images/img86.jpg,Motorcycle,167,31,350,304,175,212,2025-01-03 22:25:47,Cloudy,Intersection C
45,/data/images/img49.jpg,Motorcycle,151,280,432,471,89,199,2025-01-03 04:54:55,Cloudy,Intersection A
9,/data/images/img44.jpg,Bus,156,258,413,300,63,198,2025-01-03 21:07:47,Foggy,Intersection A
32,/data/images/img4.jpg,Truck,228,103,561,492,142,291,2025-01-03 07:28:50,Sunny,Intersection B
48,/data/images/img64.jpg,Motorcycle,218,293,565,457,50,208,2025-01-03 22:10:06,Foggy,Intersection A
37,/data/images/img42.jpg,Car,85,274,585,353,159,68,2025-01-03 06:32:25,Cloudy,Highway 1
21,/data/images/img24.jpg,Truck,227,76,597,405,72,170,2025-01-03 10:51:35,Cloudy,Intersection C
57,/data/images/img63.jpg,Truck,179,84,594,571,125,277,2025-01-03 19:44:43,Foggy,Intersection B
70,/data/images/img28.jpg,Bus,228,167,413,421,260,99,2025-01-03 22:03:10,Cloudy,Intersection B
91,/data/images/img46.jpg,Truck,21,266,528,514,219,178,2025-01-03 12:40:00,Rainy,Intersection B
39,/data/images/img34.jpg,Motorcycle,180,226,491,551,210,80,2025-01-03 02:52:09,Cloudy,Intersection A
79,/data/images/img44.jpg,Car,222,59,500,330,203,272,2025-01-03 15:59:38,Cloudy,Highway 1
84,/data/images/img36.jpg,Car,140,105,537,372,172,224,2025-01-03 13:05:04,Sunny,Intersection B
68,/data/images/img77.jpg,Bus,29,298,556,443,101,147,2025-01-03 08:14:23,Sunny,Intersection B
2,/data/images/img90.jpg,Car,38,250,377,347,74,185,2025-01-03 02:38:02,Foggy,Intersection A
86,/data/images/img36.jpg,Truck,207,46,476,322,56,126,2025-01-03 23:24:59,Rainy,Highway 1
71,/data/images/img72.jpg,Bus,186,261,312,418,102,155,2025-01-03 12:39:41,Foggy,Intersection B
39,/data/images/img2.jpg,Bus,262,228,547,566,93,63,2025-01-03 16:18:45,Rainy,Intersection C
85,/data/images/img67.jpg,Truck,81,28,353,511,213,272,2025-01-03 19:03:49,Foggy,Intersection A
14,/data/images/img25.jpg,Motorcycle,15,232,451,490,124,268,2025-01-03 05:40:31,Foggy,Intersection C
18,/data/images/img11.jpg,Bus,73,67,512,534,300,88,2025-01-03 14:00:12,Sunny,Highway 1
34,/data/images/img31.jpg,Truck,224,262,343,343,70,85,2025-01-03 21:59:51,Cloudy,Intersection A
15,/data/images/img93.jpg,Bus,17,212,359,597,171,101,2025-01-03 16:18:12,Cloudy,Intersection A
14,/data/images/img53.jpg,Car,64,233,372,348,266,137,2025-01-03 01:50:38,Sunny,Intersection C
96,/data/images/img63.jpg,Bus,34,288,478,558,79,154,2025-01-03 16:33:44,Foggy,Intersection A
71,/data/images/img72.jpg,Motorcycle,120,29,459,368,128,195,2025-01-03 07:39:10,Rainy,Intersection C
20,/data/images/img98.jpg,Bus,187,286,475,501,250,278,2025-01-03 21:02:23,Rainy,Intersection C
35,/data/images/img31.jpg,Motorcycle,185,236,533,338,151,282,2025-01-03 07:41:00,Sunny,Highway 2
37,/data/images/img89.jpg,Bus,196,157,405,590,170,167,2025-01-03 05:05:17,Cloudy,Highway 1
78,/data/images/img61.jpg,Car,290,11,566,331,175,86,2025-01-03 12:22:42,Sunny,Highway 1
27,/data/images/img83.jpg,Truck,16,202,547,522,279,130,2025-01-03 12:25:37,Cloudy,Intersection B
92,/data/images/img92.jpg,Car,78,130,478,366,219,270,2025-01-03 06:33:00,Sunny,Highway 2
44,/data/images/img63.jpg,Truck,230,1,543,421,117,233,2025-01-03 23:45:04,Sunny,Highway 1
27,/data/images/img58.jpg,Truck,189,111,349,449,73,96,2025-01-03 02:35:18,Cloudy,Highway 1
88,/data/images/img3.jpg,Truck,190,296,524,433,214,249,2025-01-03 23:53:35,Rainy,Intersection C
82,/data/images/img12.jpg,Car,227,37,531,461,189,70,2025-01-03 18:22:22,Rainy,Highway 2
34,/data/images/img38.jpg,Truck,39,23,463,501,149,174,2025-01-03 08:14:38,Cloudy,Highway 1
65,/data/images/img29.jpg,Bus,293,216,334,467,97,135,2025-01-03 06:29:59,Cloudy,Intersection C
63,/data/images/img52.jpg,Truck,70,176,453,462,144,211,2025-01-03 12:36:00,Sunny,Intersection A
33,/data/images/img89.jpg,Car,271,32,322,531,276,95,2025-01-03 08:11:26,Rainy,Highway 2
7,/data/images/img32.jpg,Motorcycle,187,277,358,439,147,130,2025-01-03 16:06:35,Rainy,Highway 2
12,/data/images/img40.jpg,Car,203,30,311,419,144,212,2025-01-03 02:32:18,Sunny,Intersection C
82,/data/images/img85.jpg,Motorcycle,160,35,475,338,97,64,2025-01-03 10:07:51,Sunny,Intersection C
55,/data/images/img75.jpg,Car,142,241,355,403,164,51,2025-01-03 16:16:56,Cloudy,Highway 1
36,/data/images/img48.jpg,Car,127,16,384,369,61,165,2025-01-03 17:52:50,Sunny,Highway 1
6,/data/images/img61.jpg,Bus,58,146,424,599,117,120,2025-01-03 18:16:44,Rainy,Intersection C
1,/data/images/img71.jpg,Motorcycle,13,209,564,355,162,103,2025-01-03 14:24:36,Sunny,Intersection B
43,/data/images/img68.jpg,Bus,95,92,389,379,169,244,2025-01-03 15:49:15,Cloudy,Intersection B
99,/data/images/img45.jpg,Bus,255,69,582,354,117,248,2025-01-03 10:49:29,Foggy,Highway 2
17,/data/images/img55.jpg,Bus,265,215,381,384,107,93,2025-01-03 21:29:57,Sunny,Highway 1
82,/data/images/img96.jpg,Truck,198,191,469,530,264,197,2025-01-03 18:55:01,Sunny,Highway 2
34,/data/images/img71.jpg,Car,287,195,586,538,118,245,2025-01-03 15:07:16,Cloudy,Intersection B
21,/data/images/img43.jpg,Truck,60,229,518,460,194,90,2025-01-03 02:24:40,Rainy,Highway 1
95,/data/images/img46.jpg,Bus,134,193,536,508,65,175,2025-01-03 07:43:44,Cloudy,Highway 1
57,/data/images/img90.jpg,Motorcycle,133,192,418,361,88,251,2025-01-03 07:51:20,Sunny,Highway 1
71,/data/images/img59.jpg,Motorcycle,228,41,507,574,242,245,2025-01-03 13:22:33,Cloudy,Highway 2
91,/data/images/img35.jpg,Bus,109,276,394,483,228,249,2025-01-03 17:00:44,Cloudy,Intersection C
55,/data/images/img40.jpg,Motorcycle,146,68,395,406,220,72,2025-01-03 08:15:18,Sunny,Intersection A
72,/data/images/img33.jpg,Bus,251,178,521,531,74,83,2025-01-03 02:25:43,Sunny,Intersection C
2,/data/images/img30.jpg,Truck,102,60,502,457,71,207,2025-01-03 23:52:21,Foggy,Intersection B
15,/data/images/img16.jpg,Bus,62,91,314,537,221,161,2025-01-03 02:35:59,Rainy,Intersection C
10,/data/images/img93.jpg,Car,69,275,401,435,138,212,2025-01-03 05:30:20,Foggy,Intersection A
89,/data/images/img25.jpg,Bus,37,201,530,361,256,159,2025-01-03 11:13:57,Sunny,Highway 1
20,/data/images/img41.jpg,Car,231,270,519,346,188,153,2025-01-03 18:17:11,Cloudy,Highway 1
70,/data/images/img16.jpg,Car,88,65,499,380,155,159,2025-01-03 23:43:59,Rainy,Intersection A
5,/data/images/img96.jpg,Motorcycle,227,114,302,455,298,297,2025-01-03 06:31:47,Rainy,Intersection A
48,/data/images/img69.jpg,Truck,44,1,409,320,243,172,2025-01-03 06:15:47,Rainy,Highway 2
75,/data/images/img98.jpg,Motorcycle,163,11,405,410,200,148,2025-01-03 07:55:16,Cloudy,Highway 1
71,/data/images/img89.jpg,Bus,177,152,442,467,108,51,2025-01-03 06:14:12,Sunny,Intersection B
19,/data/images/img24.jpg,Motorcycle,33,237,332,375,191,59,2025-01-03 07:53:39,Rainy,Highway 1
56,/data/images/img25.jpg,Motorcycle,281,278,595,346,65,186,2025-01-03 11:09:49,Foggy,Highway 1
17,/data/images/img28.jpg,Motorcycle,277,217,352,427,265,101,2025-01-03 03:07:58,Cloudy,Intersection C
6,/data/images/img95.jpg,Motorcycle,148,272,574,482,149,237,2025-01-03 02:43:42,Foggy,Intersection C
40,/data/images/img62.jpg,Bus,153,194,395,502,259,145,2025-01-03 15:39:00,Rainy,Intersection C
47,/data/images/img36.jpg,Bus,80,117,487,562,183,293,2025-01-03 17:02:54,Sunny,Highway 1
6,/data/images/img93.jpg,Car,89,126,466,325,157,53,2025-01-03 15:23:39,Sunny,Intersection C
46,/data/images/img76.jpg,Motorcycle,185,235,400,453,297,278,2025-01-03 10:31:57,Foggy,Highway 2
27,/data/images/img98.jpg,Motorcycle,260,177,534,433,187,132,2025-01-03 18:55:17,Sunny,Intersection B
88,/data/images/img68.jpg,Truck,114,79,358,389,225,243,2025-01-03 15:11:48,Rainy,Intersection B
32,/data/images/img77.jpg,Car,62,141,434,315,271,263,2025-01-03 16:17:25,Foggy,Highway 2
86,/data/images/img37.jpg,Bus,102,96,550,507,289,185,2025-01-03 07:48:36,Foggy,Intersection C
14,/data/images/img13.jpg,Truck,71,57,570,531,171,98,2025-01-03 04:03:33,Sunny,Highway 1
46,/data/images/img25.jpg,Truck,121,16,460,584,196,54,2025-01-03 13:30:34,Sunny,Intersection C
100,/data/images/img38.jpg,Car,252,214,498,581,275,223,2025-01-03 01:32:22,Foggy,Highway 1
72,/data/images/img30.jpg,Motorcycle,13,8,500,427,110,51,2025-01-03 12:55:43,Foggy,Intersection C
53,/data/images/img47.jpg,Bus,184,123,600,348,171,210,2025-01-03 05:29:07,Foggy,Intersection B
